"Part";"Value";"Device";"Package";"Description";"CREATED_BY";"DATASHEET-URL";"DESCRIPTION";"DIGIKEY_PART_NUMBER";"FRES";"GENDER";"HEIGHT";"IR";"ISAT";"MANUFACTURER";"MANUFACTURER_NAME";"MANUFACTURER_PART_NUMBER";"MATES-WITH";"MAXIMUM_PACKAGE_HEIGHT";"MF";"MOUNT";"MOUSER_PART_NUMBER";"MOUSER_PRICE-STOCK";"MPN";"OC_FARNELL";"OC_NEWARK";"PACKAGE";"PART-NUMBER";"PARTREV";"PINS";"POPULARITY";"PROD_ID";"RDC-MAX";"RDC-TYPE";"SF_ID";"SPICEMODEL";"SPICEPREFIX";"SPICEPREFIXL";"STANDARD";"TYPE";"VALUE";
"C1";"10u";"CPOL-EUB";"PANASONIC_B";"POLARIZED CAPACITOR, European symbol";"";"";"";"";"";"";"";"";"";"";"";"";"";"";"";"";"";"";"";"";"";"";"";"";"";"4";"";"";"";"";"";"C";"";"";"";"";
"C2";"100u";"CPOL-EUD";"PANASONIC_D";"POLARIZED CAPACITOR, European symbol";"";"";"";"";"";"";"";"";"";"";"";"";"";"";"";"";"";"";"";"";"";"";"";"";"";"16";"";"";"";"";"";"C";"";"";"";"";
"C3";"100u";"CPOL-EUD";"PANASONIC_D";"POLARIZED CAPACITOR, European symbol";"";"";"";"";"";"";"";"";"";"";"";"";"";"";"";"";"";"";"";"";"";"";"";"";"";"16";"";"";"";"";"";"C";"";"";"";"";
"C4";"100n";"C-EUC0805";"C0805";"CAPACITOR, European symbol";"";"";"";"";"";"";"";"";"";"";"";"";"";"";"";"";"";"";"";"";"";"";"";"";"";"88";"";"";"";"";"";"C";"";"";"";"";
"C5";"10u";"CPOL-EUB";"PANASONIC_B";"POLARIZED CAPACITOR, European symbol";"";"";"";"";"";"";"";"";"";"";"";"";"";"";"";"";"";"";"";"";"";"";"";"";"";"4";"";"";"";"";"";"C";"";"";"";"";
"C6";"100u";"CPOL-EUD";"PANASONIC_D";"POLARIZED CAPACITOR, European symbol";"";"";"";"";"";"";"";"";"";"";"";"";"";"";"";"";"";"";"";"";"";"";"";"";"";"16";"";"";"";"";"";"C";"";"";"";"";
"C7";"10u";"CPOL-EUB";"PANASONIC_B";"POLARIZED CAPACITOR, European symbol";"";"";"";"";"";"";"";"";"";"";"";"";"";"";"";"";"";"";"";"";"";"";"";"";"";"4";"";"";"";"";"";"C";"";"";"";"";
"C8";"10u";"CPOL-EUB";"PANASONIC_B";"POLARIZED CAPACITOR, European symbol";"";"";"";"";"";"";"";"";"";"";"";"";"";"";"";"";"";"";"";"";"";"";"";"";"";"4";"";"";"";"";"";"C";"";"";"";"";
"C9";"100n";"C-EUC0805";"C0805";"CAPACITOR, European symbol";"";"";"";"";"";"";"";"";"";"";"";"";"";"";"";"";"";"";"";"";"";"";"";"";"";"88";"";"";"";"";"";"C";"";"";"";"";
"C10";"10u";"CPOL-EUB";"PANASONIC_B";"POLARIZED CAPACITOR, European symbol";"";"";"";"";"";"";"";"";"";"";"";"";"";"";"";"";"";"";"";"";"";"";"";"";"";"4";"";"";"";"";"";"C";"";"";"";"";
"C11";"100n";"C-EUC0805";"C0805";"CAPACITOR, European symbol";"";"";"";"";"";"";"";"";"";"";"";"";"";"";"";"";"";"";"";"";"";"";"";"";"";"88";"";"";"";"";"";"C";"";"";"";"";
"C12";"100n";"C-EUC0805";"C0805";"CAPACITOR, European symbol";"";"";"";"";"";"";"";"";"";"";"";"";"";"";"";"";"";"";"";"";"";"";"";"";"";"88";"";"";"";"";"";"C";"";"";"";"";
"C13";"100n";"C-EUC0805";"C0805";"CAPACITOR, European symbol";"";"";"";"";"";"";"";"";"";"";"";"";"";"";"";"";"";"";"";"";"";"";"";"";"";"88";"";"";"";"";"";"C";"";"";"";"";
"C14";"100n";"C-EUC0805";"C0805";"CAPACITOR, European symbol";"";"";"";"";"";"";"";"";"";"";"";"";"";"";"";"";"";"";"";"";"";"";"";"";"";"88";"";"";"";"";"";"C";"";"";"";"";
"C15";"100u";"CPOL-EUD";"PANASONIC_D";"POLARIZED CAPACITOR, European symbol";"";"";"";"";"";"";"";"";"";"";"";"";"";"";"";"";"";"";"";"";"";"";"";"";"";"16";"";"";"";"";"";"C";"";"";"";"";
"C16";"100n";"C-EUC0805";"C0805";"CAPACITOR, European symbol";"";"";"";"";"";"";"";"";"";"";"";"";"";"";"";"";"";"";"";"";"";"";"";"";"";"88";"";"";"";"";"";"C";"";"";"";"";
"C17";"100n";"C-EUC0805";"C0805";"CAPACITOR, European symbol";"";"";"";"";"";"";"";"";"";"";"";"";"";"";"";"";"";"";"";"";"";"";"";"";"";"88";"";"";"";"";"";"C";"";"";"";"";
"C18";"100n";"C-EUC0805";"C0805";"CAPACITOR, European symbol";"";"";"";"";"";"";"";"";"";"";"";"";"";"";"";"";"";"";"";"";"";"";"";"";"";"88";"";"";"";"";"";"C";"";"";"";"";
"C19";"100n";"C-EUC0805";"C0805";"CAPACITOR, European symbol";"";"";"";"";"";"";"";"";"";"";"";"";"";"";"";"";"";"";"";"";"";"";"";"";"";"88";"";"";"";"";"";"C";"";"";"";"";
"C20";"22p";"C-EUC0805";"C0805";"CAPACITOR, European symbol";"";"";"";"";"";"";"";"";"";"";"";"";"";"";"";"";"";"";"";"";"";"";"";"";"";"88";"";"";"";"";"";"C";"";"";"";"";
"C21";"22p";"C-EUC0805";"C0805";"CAPACITOR, European symbol";"";"";"";"";"";"";"";"";"";"";"";"";"";"";"";"";"";"";"";"";"";"";"";"";"";"88";"";"";"";"";"";"C";"";"";"";"";
"C22";"100p";"C-EUC0805";"C0805";"CAPACITOR, European symbol";"";"";"";"";"";"";"";"";"";"";"";"";"";"";"";"";"";"";"";"";"";"";"";"";"";"88";"";"";"";"";"";"C";"";"";"";"";
"C23";"100n";"C-EUC0805";"C0805";"CAPACITOR, European symbol";"";"";"";"";"";"";"";"";"";"";"";"";"";"";"";"";"";"";"";"";"";"";"";"";"";"88";"";"";"";"";"";"C";"";"";"";"";
"C24";"100n";"C-EUC0805";"C0805";"CAPACITOR, European symbol";"";"";"";"";"";"";"";"";"";"";"";"";"";"";"";"";"";"";"";"";"";"";"";"";"";"88";"";"";"";"";"";"C";"";"";"";"";
"C25";"100n";"C-EUC0805";"C0805";"CAPACITOR, European symbol";"";"";"";"";"";"";"";"";"";"";"";"";"";"";"";"";"";"";"";"";"";"";"";"";"";"88";"";"";"";"";"";"C";"";"";"";"";
"C26";"100n";"C-EUC0805";"C0805";"CAPACITOR, European symbol";"";"";"";"";"";"";"";"";"";"";"";"";"";"";"";"";"";"";"";"";"";"";"";"";"";"88";"";"";"";"";"";"C";"";"";"";"";
"C27";"10u";"CPOL-EUB";"PANASONIC_B";"POLARIZED CAPACITOR, European symbol";"";"";"";"";"";"";"";"";"";"";"";"";"";"";"";"";"";"";"";"";"";"";"";"";"";"4";"";"";"";"";"";"C";"";"";"";"";
"C28";"680p";"C-EUC0805";"C0805";"CAPACITOR, European symbol";"";"";"";"";"";"";"";"";"";"";"";"";"";"";"";"";"";"";"";"";"";"";"";"";"";"88";"";"";"";"";"";"C";"";"";"";"";
"C29";"100n";"C-EUC0805";"C0805";"CAPACITOR, European symbol";"";"";"";"";"";"";"";"";"";"";"";"";"";"";"";"";"";"";"";"";"";"";"";"";"";"88";"";"";"";"";"";"C";"";"";"";"";
"C30";"22n";"C-EUC0805";"C0805";"CAPACITOR, European symbol";"";"";"";"";"";"";"";"";"";"";"";"";"";"";"";"";"";"";"";"";"";"";"";"";"";"88";"";"";"";"";"";"C";"";"";"";"";
"C31";"100n";"C-EUC0805";"C0805";"CAPACITOR, European symbol";"";"";"";"";"";"";"";"";"";"";"";"";"";"";"";"";"";"";"";"";"";"";"";"";"";"88";"";"";"";"";"";"C";"";"";"";"";
"C32";"100n";"C-EUC0805";"C0805";"CAPACITOR, European symbol";"";"";"";"";"";"";"";"";"";"";"";"";"";"";"";"";"";"";"";"";"";"";"";"";"";"88";"";"";"";"";"";"C";"";"";"";"";
"C33";"680p";"C-EUC0805";"C0805";"CAPACITOR, European symbol";"";"";"";"";"";"";"";"";"";"";"";"";"";"";"";"";"";"";"";"";"";"";"";"";"";"88";"";"";"";"";"";"C";"";"";"";"";
"C34";"10u";"CPOL-EUB";"PANASONIC_B";"POLARIZED CAPACITOR, European symbol";"";"";"";"";"";"";"";"";"";"";"";"";"";"";"";"";"";"";"";"";"";"";"";"";"";"4";"";"";"";"";"";"C";"";"";"";"";
"C35";"100n";"C-EUC0805";"C0805";"CAPACITOR, European symbol";"";"";"";"";"";"";"";"";"";"";"";"";"";"";"";"";"";"";"";"";"";"";"";"";"";"88";"";"";"";"";"";"C";"";"";"";"";
"C36";"100n";"C-EUC0805";"C0805";"CAPACITOR, European symbol";"";"";"";"";"";"";"";"";"";"";"";"";"";"";"";"";"";"";"";"";"";"";"";"";"";"88";"";"";"";"";"";"C";"";"";"";"";
"C37";"100u";"CPOL-EUD";"PANASONIC_D";"POLARIZED CAPACITOR, European symbol";"";"";"";"";"";"";"";"";"";"";"";"";"";"";"";"";"";"";"";"";"";"";"";"";"";"16";"";"";"";"";"";"C";"";"";"";"";
"C38";"100u";"CPOL-EUD";"PANASONIC_D";"POLARIZED CAPACITOR, European symbol";"";"";"";"";"";"";"";"";"";"";"";"";"";"";"";"";"";"";"";"";"";"";"";"";"";"16";"";"";"";"";"";"C";"";"";"";"";
"C39";"100u";"CPOL-EUD";"PANASONIC_D";"POLARIZED CAPACITOR, European symbol";"";"";"";"";"";"";"";"";"";"";"";"";"";"";"";"";"";"";"";"";"";"";"";"";"";"16";"";"";"";"";"";"C";"";"";"";"";
"C40";"470u";"CPOL-EUE5-10.5";"E5-10,5";"POLARIZED CAPACITOR, European symbol";"";"";"";"";"";"";"";"";"";"";"";"";"";"";"";"";"";"";"";"";"";"";"";"";"";"23";"";"";"";"";"";"C";"";"";"";"";
"C41";"100n";"C-EUC0805";"C0805";"CAPACITOR, European symbol";"";"";"";"";"";"";"";"";"";"";"";"";"";"";"";"";"";"";"";"";"";"";"";"";"";"";"";"";"";"";"";"";"";"";"";"";
"C42";"100n";"C-EUC0805";"C0805";"CAPACITOR, European symbol";"";"";"";"";"";"";"";"";"";"";"";"";"";"";"";"";"";"";"";"";"";"";"";"";"";"";"";"";"";"";"";"";"";"";"";"";
"C43";"100n";"C-EUC0805";"C0805";"CAPACITOR, European symbol";"";"";"";"";"";"";"";"";"";"";"";"";"";"";"";"";"";"";"";"";"";"";"";"";"";"";"";"";"";"";"";"";"";"";"";"";
"C44";"100n";"C-EUC0805";"C0805";"CAPACITOR, European symbol";"";"";"";"";"";"";"";"";"";"";"";"";"";"";"";"";"";"";"";"";"";"";"";"";"";"88";"";"";"";"";"";"C";"";"";"";"";
"C45";"100n";"C-EUC0805";"C0805";"CAPACITOR, European symbol";"";"";"";"";"";"";"";"";"";"";"";"";"";"";"";"";"";"";"";"";"";"";"";"";"";"88";"";"";"";"";"";"C";"";"";"";"";
"C46";"22n";"C-EUC0805";"C0805";"CAPACITOR, European symbol";"";"";"";"";"";"";"";"";"";"";"";"";"";"";"";"";"";"";"";"";"";"";"";"";"";"88";"";"";"";"";"";"C";"";"";"";"";
"C47";"100n";"C-EUC0805";"C0805";"CAPACITOR, European symbol";"";"";"";"";"";"";"";"";"";"";"";"";"";"";"";"";"";"";"";"";"";"";"";"";"";"88";"";"";"";"";"";"C";"";"";"";"";
"C48";"100p";"C-EUC0805";"C0805";"CAPACITOR, European symbol";"";"";"";"";"";"";"";"";"";"";"";"";"";"";"";"";"";"";"";"";"";"";"";"";"";"88";"";"";"";"";"";"C";"";"";"";"";
"C49";"100n";"C-EUC0805";"C0805";"CAPACITOR, European symbol";"";"";"";"";"";"";"";"";"";"";"";"";"";"";"";"";"";"";"";"";"";"";"";"";"";"88";"";"";"";"";"";"C";"";"";"";"";
"C50";"1n";"C-EUC1812";"C1812";"CAPACITOR, European symbol";"";"";"";"";"";"";"";"";"";"";"";"";"";"";"";"";"";"";"";"";"";"";"";"";"";"3";"";"";"";"";"";"C";"";"";"";"";
"C51";"10u";"CPOL-EUB";"PANASONIC_B";"POLARIZED CAPACITOR, European symbol";"";"";"";"";"";"";"";"";"";"";"";"";"";"";"";"";"";"";"";"";"";"";"";"";"";"4";"";"";"";"";"";"C";"";"";"";"";
"C52";"330n";"C-EUC1812";"C1812";"CAPACITOR, European symbol";"";"";"";"";"";"";"";"";"";"";"";"";"";"";"";"";"";"";"";"";"";"";"";"";"";"3";"";"";"";"";"";"C";"";"";"";"";
"C53";"100n";"C-EUC0805";"C0805";"CAPACITOR, European symbol";"";"";"";"";"";"";"";"";"";"";"";"";"";"";"";"";"";"";"";"";"";"";"";"";"";"88";"";"";"";"";"";"C";"";"";"";"";
"C54";"100u";"CPOL-EUD";"PANASONIC_D";"POLARIZED CAPACITOR, European symbol";"";"";"";"";"";"";"";"";"";"";"";"";"";"";"";"";"";"";"";"";"";"";"";"";"";"16";"";"";"";"";"";"C";"";"";"";"";
"C55";"100n";"C-EUC0805";"C0805";"CAPACITOR, European symbol";"";"";"";"";"";"";"";"";"";"";"";"";"";"";"";"";"";"";"";"";"";"";"";"";"";"88";"";"";"";"";"";"C";"";"";"";"";
"C56";"100n";"C-EUC0805";"C0805";"CAPACITOR, European symbol";"";"";"";"";"";"";"";"";"";"";"";"";"";"";"";"";"";"";"";"";"";"";"";"";"";"";"";"";"";"";"";"";"";"";"";"";
"C57";"470u";"CPOL-EUE5-10.5";"E5-10,5";"POLARIZED CAPACITOR, European symbol";"";"";"";"";"";"";"";"";"";"";"";"";"";"";"";"";"";"";"";"";"";"";"";"";"";"23";"";"";"";"";"";"C";"";"";"";"";
"C58";"470u";"CPOL-EUE5-10.5";"E5-10,5";"POLARIZED CAPACITOR, European symbol";"";"";"";"";"";"";"";"";"";"";"";"";"";"";"";"";"";"";"";"";"";"";"";"";"";"23";"";"";"";"";"";"C";"";"";"";"";
"C59";"47n";"C-EUC0805";"C0805";"CAPACITOR, European symbol";"";"";"";"";"";"";"";"";"";"";"";"";"";"";"";"";"";"";"";"";"";"";"";"";"";"";"";"";"";"";"";"";"";"";"";"";
"C60";"100n";"C-EUC0805";"C0805";"CAPACITOR, European symbol";"";"";"";"";"";"";"";"";"";"";"";"";"";"";"";"";"";"";"";"";"";"";"";"";"";"88";"";"";"";"";"";"C";"";"";"";"";
"C61";"100n";"C-EUC0805";"C0805";"CAPACITOR, European symbol";"";"";"";"";"";"";"";"";"";"";"";"";"";"";"";"";"";"";"";"";"";"";"";"";"";"88";"";"";"";"";"";"C";"";"";"";"";
"C62";"100n";"C-EUC0805";"C0805";"CAPACITOR, European symbol";"";"";"";"";"";"";"";"";"";"";"";"";"";"";"";"";"";"";"";"";"";"";"";"";"";"88";"";"";"";"";"";"C";"";"";"";"";
"C63";"100u";"CPOL-EUD";"PANASONIC_D";"POLARIZED CAPACITOR, European symbol";"";"";"";"";"";"";"";"";"";"";"";"";"";"";"";"";"";"";"";"";"";"";"";"";"";"16";"";"";"";"";"";"C";"";"";"";"";
"C64";"100u";"CPOL-EUD";"PANASONIC_D";"POLARIZED CAPACITOR, European symbol";"";"";"";"";"";"";"";"";"";"";"";"";"";"";"";"";"";"";"";"";"";"";"";"";"";"16";"";"";"";"";"";"C";"";"";"";"";
"C65";"100u";"CPOL-EUD";"PANASONIC_D";"POLARIZED CAPACITOR, European symbol";"";"";"";"";"";"";"";"";"";"";"";"";"";"";"";"";"";"";"";"";"";"";"";"";"";"16";"";"";"";"";"";"C";"";"";"";"";
"C66";"100u";"CPOL-EUD";"PANASONIC_D";"POLARIZED CAPACITOR, European symbol";"";"";"";"";"";"";"";"";"";"";"";"";"";"";"";"";"";"";"";"";"";"";"";"";"";"16";"";"";"";"";"";"C";"";"";"";"";
"C67";"100u";"CPOL-EUD";"PANASONIC_D";"POLARIZED CAPACITOR, European symbol";"";"";"";"";"";"";"";"";"";"";"";"";"";"";"";"";"";"";"";"";"";"";"";"";"";"16";"";"";"";"";"";"C";"";"";"";"";
"C68";"100n";"C-EUC0805";"C0805";"CAPACITOR, European symbol";"";"";"";"";"";"";"";"";"";"";"";"";"";"";"";"";"";"";"";"";"";"";"";"";"";"88";"";"";"";"";"";"C";"";"";"";"";
"D1";"SS54-HF ";"DIODE-DO214AC";"DO214AC";"DIODE";"";"";"";"";"";"";"";"";"";"";"";"";"";"";"";"";"";"";"";"";"";"";"";"";"";"14";"";"";"";"";"";"";"";"";"";"";
"D2";"SS54-HF ";"DIODE-DO214AC";"DO214AC";"DIODE";"";"";"";"";"";"";"";"";"";"";"";"";"";"";"";"";"";"";"";"";"";"";"";"";"";"14";"";"";"";"";"";"";"";"";"";"";
"D4";"RGF1G";"DIODE-DO214AC";"DO214AC";"DIODE";"";"";"";"";"";"";"";"";"";"";"";"";"";"";"";"";"";"";"";"";"";"";"";"";"";"14";"";"";"";"";"";"";"";"";"";"";
"D6";"RGF1G";"DIODE-DO214AC";"DO214AC";"DIODE";"";"";"";"";"";"";"";"";"";"";"";"";"";"";"";"";"";"";"";"";"";"";"";"";"";"14";"";"";"";"";"";"";"";"";"";"";
"D7";"1N4148WS";"1N4148WS";"SOD-323";"DIODE GEN PURP 75V 150MA SOD323F";"PCBLayout.com";"";"";"1N4148WSFSTR-ND";"";"";"";"";"";"Diodes Incorporated";"";"";"";"";"";"";"";"";"1N4148WS";"";"";"SOD-323";"";"";"";"";"";"";"";"";"";"";"";"";"";"";
"D8";"SML4757A";"ZENER-DIODESMB";"SMB";"Z-Diode";"";"";"";"";"";"";"";"";"";"";"";"";"";"";"";"";"";"";"";"";"";"";"";"";"";"3";"";"";"";"";"";"";"";"";"";"";
"D9";"SML4757A";"ZENER-DIODESMB";"SMB";"Z-Diode";"";"";"";"";"";"";"";"";"";"";"";"";"";"";"";"";"";"";"";"";"";"";"";"";"";"3";"";"";"";"";"";"";"";"";"";"";
"D10";"SS54-HF ";"DIODE-DO214AC";"DO214AC";"DIODE";"";"";"";"";"";"";"";"";"";"";"";"";"";"";"";"";"";"";"";"";"";"";"";"";"";"14";"";"";"";"";"";"";"";"";"";"";
"D12";"RGF1G";"DIODE-DO214AC";"DO214AC";"DIODE";"";"";"";"";"";"";"";"";"";"";"";"";"";"";"";"";"";"";"";"";"";"";"";"";"";"14";"";"";"";"";"";"";"";"";"";"";
"D13";"RGF1G";"DIODE-DO214AC";"DO214AC";"DIODE";"";"";"";"";"";"";"";"";"";"";"";"";"";"";"";"";"";"";"";"";"";"";"";"";"";"14";"";"";"";"";"";"";"";"";"";"";
"D14";"RGF1G";"DIODE-DO214AC";"DO214AC";"DIODE";"";"";"";"";"";"";"";"";"";"";"";"";"";"";"";"";"";"";"";"";"";"";"";"";"";"14";"";"";"";"";"";"";"";"";"";"";
"D15";"RGF1G";"DIODE-DO214AC";"DO214AC";"DIODE";"";"";"";"";"";"";"";"";"";"";"";"";"";"";"";"";"";"";"";"";"";"";"";"";"";"14";"";"";"";"";"";"";"";"";"";"";
"D16";"1N4148WS";"1N4148WS";"SOD-323";"DIODE GEN PURP 75V 150MA SOD323F";"PCBLayout.com";"";"";"1N4148WSFSTR-ND";"";"";"";"";"";"Diodes Incorporated";"";"";"";"";"";"";"";"";"1N4148WS";"";"";"SOD-323";"";"";"";"";"";"";"";"";"";"";"";"";"";"";
"DHT1";"";"MA04-1";"MA04-1";"PIN HEADER";"";"";"";"";"";"";"";"";"";"";"";"";"";"";"";"";"";"";"";"unknown";"unknown";"";"";"";"";"41";"";"";"";"";"";"";"";"";"";"";
"E0-MOT";"";"MA04-1";"MA04-1";"PIN HEADER";"";"";"";"";"";"";"";"";"";"";"";"";"";"";"";"";"";"";"";"unknown";"unknown";"";"";"";"";"41";"";"";"";"";"";"";"";"";"";"";
"FAN1";"";"JP1E";"JP1";"JUMPER";"";"";"";"";"";"";"";"";"";"";"";"";"";"";"";"";"";"";"";"";"";"";"";"";"";"61";"";"";"";"";"";"";"";"";"";"";
"I2C_1";"";"MA04-1";"MA04-1";"PIN HEADER";"";"";"";"";"";"";"";"";"";"";"";"";"";"";"";"";"";"";"";"unknown";"unknown";"";"";"";"";"41";"";"";"";"";"";"";"";"";"";"";
"I2C_2";"";"MA04-1";"MA04-1";"PIN HEADER";"";"";"";"";"";"";"";"";"";"";"";"";"";"";"";"";"";"";"";"unknown";"unknown";"";"";"";"";"41";"";"";"";"";"";"";"";"";"";"";
"I2C_3";"";"MA04-1";"MA04-1";"PIN HEADER";"";"";"";"";"";"";"";"";"";"";"";"";"";"";"";"";"";"";"";"unknown";"unknown";"";"";"";"";"41";"";"";"";"";"";"";"";"";"";"";
"IC1";"555";"555D";"SO08";"General purpose bipolar Timer";"";"";"";"";"";"";"";"";"";"";"";"";"";"";"";"";"";"";"";"";"";"";"";"";"";"";"NA-XXXXX";"";"";"";"";"";"";"";"";"555";
"IC2";"74HC4053D";"744053D";"SO16";"Triple 2-channel analog multiplexer/demultiplexer";"";"";"";"";"";"";"";"";"";"";"";"";"";"";"";"";"";"";"";"";"";"";"";"";"";"0";"";"";"";"";"";"";"";"";"";"";
"IC3";"LM358MX";"LM358MX";"SO08";"OP AMP also LM158; LM258; LM2904";"";"";"";"";"";"";"";"";"";"";"";"";"";"";"";"";"";"";"";"";"";"";"";"";"";"0";"";"";"";"";"";"";"";"";"";"";
"IC4";"555";"555D";"SO08";"General purpose bipolar Timer";"";"";"";"";"";"";"";"";"";"";"";"";"";"";"";"";"";"";"";"";"";"";"";"";"";"";"NA-XXXXX";"";"";"";"";"";"";"";"";"555";
"IC5";"LM358MX";"LM358MX";"SO08";"OP AMP also LM158; LM258; LM2904";"";"";"";"";"";"";"";"";"";"";"";"";"";"";"";"";"";"";"";"";"";"";"";"";"";"0";"";"";"";"";"";"";"";"";"";"";
"IC6";"LM358MX";"LM358MX";"SO08";"OP AMP also LM158; LM258; LM2904";"";"";"";"";"";"";"";"";"";"";"";"";"";"";"";"";"";"";"";"";"";"";"";"";"";"0";"";"";"";"";"";"";"";"";"";"";
"IC7";"74HC4053D";"744053D";"SO16";"Triple 2-channel analog multiplexer/demultiplexer";"";"";"";"";"";"";"";"";"";"";"";"";"";"";"";"";"";"";"";"";"";"";"";"";"";"0";"";"";"";"";"";"";"";"";"";"";
"IC8";"SE555DRG4";"555D";"SO08";"General purpose bipolar Timer";"";"";"";"";"";"";"";"";"";"";"";"";"";"";"";"";"";"";"";"";"";"";"";"";"";"";"NA-XXXXX";"";"";"";"";"";"";"";"";"555";
"IC9";"AS7805ADTR";"78";"DPAC_NEU";"Positive VOLTAGE REGULATOR";"";"";"";"";"";"";"";"";"";"";"";"";"";"";"";"";"";"";"";"";"";"";"";"";"";"";"";"";"";"";"";"";"";"";"";"";
"IC10";"MIC4420M";"MIC4420M";"SO-08";"6A-Peak Low-Side MOSFET Driver Bipolar/CMOS/DMOS Process";"";"";"";"";"";"";"";"";"";"";"";"";"";"";"";"";"";"";"";"";"";"";"";"";"";"0";"";"";"";"";"";"";"";"";"";"";
"IC11";"LM1117MPX";"LD117AS33TR";"SOT223";"Low drop fixed and adjustable positive voltage regulators 1 A";"";"";"";"";"";"";"";"";"";"";"";"";"";"";"";"";"";"";"";"";"";"";"";"";"";"9";"";"";"";"";"";"";"";"";"";"";
"IC12";"LM1117MPX";"LD117AS33TR";"SOT223";"Low drop fixed and adjustable positive voltage regulators 1 A";"";"";"";"";"";"";"";"";"";"";"";"";"";"";"";"";"";"";"";"";"";"";"";"";"";"9";"";"";"";"";"";"";"";"";"";"";
"ISP1";"AVRISP-6";"AVRISP-6";"AVRISP";"AVR ISP HEADER";"";"";"";"";"";"";"";"";"";"";"";"";"";"";"";"";"";"";"";"";"";"";"";"";"";"";"";"";"";"";"";"";"";"";"";"";
"J2";"NID65-5";"NID65-5";"NID655";"Non-Isolated DC/DC Converters 32.5W 24Vin 5Vout Non-Iso Reg SIP";"";"";"Non-Isolated DC/DC Converters 32.5W 24Vin 5Vout Non-Iso Reg SIP";"";"";"";"9mm";"";"";"";"Mean Well";"NID65-5";"";"";"";"";"709-NID65-5";"https://www.mouser.co.uk/ProductDetail/MEAN-WELL/NID65-5?qs=u16ybLDytRa4M6flRLp6lw%3D%3D";"";"";"";"";"";"";"";"";"";"";"";"";"";"";"";"";"";"";
"J3";"";"6180XX211821_618009211821";"618009211821";"WR-DSUB 8.08 mm Female Angled PCB Connector w/o Hex Screw";"";"https://www.we-online.com/catalog/datasheet/618009211821.pdf";"";"";"";"Female";"";"";"";"";"";"";"WR-DSUB 10.30 mm Male Angled PCB Connector w/o Hex Screw/8.08 mm Male Angled PCB Connector w/o Hex Screw/Male IDC with UNC 4-40 Nut /Male IDC/Male PCB Connector /Male Solder Bucket ";"";"";"";"";"";"";"";"";"";"618009211821";"";" 9 ";"";"";"";"";"";"";"";"";"";"Angled";"";
"J4";"KPJX-4S-S";"KPJX-4S-S";"KYCON_KPJX-4S-S";"4 (Power) Position Circular Connector Jack, Female Sockets Solder";"";"";"";"";"";"";"";"";"";"KYCON";"";"";"";"15.0mm";"";"";"";"";"";"";"";"";"";"A15";"";"";"";"";"";"";"";"";"";"Manufacturer recommendations";"";"";
"J5";"PJ-082BH";"PJ-082BH";"PJ082BH";"DC Power Connectors 2.5mm x 5.5mm horz";"";"";"DC Power Connectors 2.5mm x 5.5mm horz";"";"";"";"10.2mm";"";"";"";"CUI Devices";"PJ-082BH";"";"";"";"";"490-PJ-082BH";"https://www.mouser.co.uk/ProductDetail/CUI-Devices/PJ-082BH?qs=WyjlAZoYn52P2Lo8hPB1tg%3D%3D";"";"";"";"";"";"";"";"";"";"";"";"";"";"";"";"";"";"";
"J6";"RASPBERRYPI-40-PIN-GPIO_PTH";"RASPBERRYPI-40-PIN-GPIO_PTH";"2X20_SHROUDED";"Raspberry Pi GPIO Header";"";"";"";"";"";"";"";"";"";"";"";"";"";"";"";"";"";"";"";"";"";"";"";"";"";"";"CONN-12263";"";"";"PRT-13054";"";"";"";"";"";"";
"JP1";"";"PINHD-2X3";"2X03";"PIN HEADER";"";"";"";"";"";"";"";"";"";"";"";"";"";"";"";"";"";"";"";"";"";"";"";"";"";"62";"";"";"";"";"";"";"";"";"";"";
"JP2";"";"PINHD-2X3";"2X03";"PIN HEADER";"";"";"";"";"";"";"";"";"";"";"";"";"";"";"";"";"";"";"";"";"";"";"";"";"";"62";"";"";"";"";"";"";"";"";"";"";
"JP3";"";"JP4Q";"JP4Q";"JUMPER";"";"";"";"";"";"";"";"";"";"";"";"";"";"";"";"";"";"";"";"";"";"";"";"";"";"2";"";"";"";"";"";"";"";"";"";"";
"JP4";"";"PINHD-2X3";"2X03";"PIN HEADER";"";"";"";"";"";"";"";"";"";"";"";"";"";"";"";"";"";"";"";"";"";"";"";"";"";"62";"";"";"";"";"";"";"";"";"";"";
"JP5";"";"PINHD-2X3";"2X03";"PIN HEADER";"";"";"";"";"";"";"";"";"";"";"";"";"";"";"";"";"";"";"";"";"";"";"";"";"";"62";"";"";"";"";"";"";"";"";"";"";
"JP6";"";"PINHD-2X3";"2X03";"PIN HEADER";"";"";"";"";"";"";"";"";"";"";"";"";"";"";"";"";"";"";"";"";"";"";"";"";"";"62";"";"";"";"";"";"";"";"";"";"";
"L1";"100uh";"WE-CHSA_1212_7843320039";"WE-CHSA_1212";"WE-CHSA SMD High Current Inductor";"";"https://www.we-online.com/catalog/datasheet/7843320039.pdf";"";"";"100MHz";"";"";"28A";"57A";"";"";"";"";"";"";"SMT";"";"";"";"";"";"";" 7843320039 ";"";"";"";"";"1.65mohm";"1.35mohm";"";"";"";"";"";"";"0.39uH";
"L2";"220uh";"WE-CHSA_1212_7843320039";"WE-CHSA_1212";"WE-CHSA SMD High Current Inductor";"";"https://www.we-online.com/catalog/datasheet/7843320039.pdf";"";"";"100MHz";"";"";"28A";"57A";"";"";"";"";"";"";"SMT";"";"";"";"";"";"";" 7843320039 ";"";"";"";"";"1.65mohm";"1.35mohm";"";"";"";"";"";"";"0.39uH";
"Q1";"IRFR3410TRPBF";"FET_DPAK";"DPAK";"";"";"";"";"";"";"";"";"";"";"";"";"";"";"";"";"";"";"";"";"";"";"";"";"";"";"";"";"";"";"";"";"";"";"";"";"";
"Q2";"IRFR3410TRPBF";"FET_DPAK";"DPAK";"";"";"";"";"";"";"";"";"";"";"";"";"";"";"";"";"";"";"";"";"";"";"";"";"";"";"";"";"";"";"";"";"";"";"";"";"";
"Q3";"IRFR3410TRPBF";"FET_DPAK";"DPAK";"";"";"";"";"";"";"";"";"";"";"";"";"";"";"";"";"";"";"";"";"";"";"";"";"";"";"";"";"";"";"";"";"";"";"";"";"";
"Q4";"16MHz";"XTAL/S";"QS";"CRYSTAL";"";"";"";"";"";"";"";"";"";"";"";"";"";"";"";"";"";"";"";"";"";"";"";"";"";"59";"";"";"";"";"";"";"";"";"";"";
"Q5";"IPD60R180P7SAUMA1 ";"FET_DPAK";"DPAK";"";"";"";"";"";"";"";"";"";"";"";"";"";"";"";"";"";"";"";"";"";"";"";"";"";"";"";"";"";"";"";"";"";"";"";"";"";
"Q6";"IRFR3410TRPBF";"FET_DPAK";"DPAK";"";"";"";"";"";"";"";"";"";"";"";"";"";"";"";"";"";"";"";"";"";"";"";"";"";"";"";"";"";"";"";"";"";"";"";"";"";
"Q7";"IRFR3410TRPBF";"FET_DPAK";"DPAK";"";"";"";"";"";"";"";"";"";"";"";"";"";"";"";"";"";"";"";"";"";"";"";"";"";"";"";"";"";"";"";"";"";"";"";"";"";
"Q8";"IRFR3410TRPBF";"FET_DPAK";"DPAK";"";"";"";"";"";"";"";"";"";"";"";"";"";"";"";"";"";"";"";"";"";"";"";"";"";"";"";"";"";"";"";"";"";"";"";"";"";
"Q9";"IRFR3410TRPBF";"FET_DPAK";"DPAK";"";"";"";"";"";"";"";"";"";"";"";"";"";"";"";"";"";"";"";"";"";"";"";"";"";"";"";"";"";"";"";"";"";"";"";"";"";
"R1";"4k7";"R-EU_R0805";"R0805";"RESISTOR, European symbol";"";"";"";"";"";"";"";"";"";"";"";"";"";"";"";"";"";"";"";"";"";"";"";"";"";"86";"";"";"";"";"";"R";"";"";"";"";
"R2";"100k";"R-EU_R0805";"R0805";"RESISTOR, European symbol";"";"";"";"";"";"";"";"";"";"";"";"";"";"";"";"";"";"";"";"";"";"";"";"";"";"86";"";"";"";"";"";"R";"";"";"";"";
"R3";"1m";"R-EU_R0805";"R0805";"RESISTOR, European symbol";"";"";"";"";"";"";"";"";"";"";"";"";"";"";"";"";"";"";"";"";"";"";"";"";"";"86";"";"";"";"";"";"R";"";"";"";"";
"R4";"100k";"R-EU_R0805";"R0805";"RESISTOR, European symbol";"";"";"";"";"";"";"";"";"";"";"";"";"";"";"";"";"";"";"";"";"";"";"";"";"";"86";"";"";"";"";"";"R";"";"";"";"";
"R5";"100k";"R-EU_R0805";"R0805";"RESISTOR, European symbol";"";"";"";"";"";"";"";"";"";"";"";"";"";"";"";"";"";"";"";"";"";"";"";"";"";"86";"";"";"";"";"";"R";"";"";"";"";
"R6";"100k";"R-EU_R0805";"R0805";"RESISTOR, European symbol";"";"";"";"";"";"";"";"";"";"";"";"";"";"";"";"";"";"";"";"";"";"";"";"";"";"86";"";"";"";"";"";"R";"";"";"";"";
"R7";"4k7";"R-EU_R0805";"R0805";"RESISTOR, European symbol";"";"";"";"";"";"";"";"";"";"";"";"";"";"";"";"";"";"";"";"";"";"";"";"";"";"86";"";"";"";"";"";"R";"";"";"";"";
"R8";"100k";"R-EU_R0805";"R0805";"RESISTOR, European symbol";"";"";"";"";"";"";"";"";"";"";"";"";"";"";"";"";"";"";"";"";"";"";"";"";"";"86";"";"";"";"";"";"R";"";"";"";"";
"R9";"100k";"R-EU_R0805";"R0805";"RESISTOR, European symbol";"";"";"";"";"";"";"";"";"";"";"";"";"";"";"";"";"";"";"";"";"";"";"";"";"";"86";"";"";"";"";"";"R";"";"";"";"";
"R10";"100k";"R-EU_R0805";"R0805";"RESISTOR, European symbol";"";"";"";"";"";"";"";"";"";"";"";"";"";"";"";"";"";"";"";"";"";"";"";"";"";"86";"";"";"";"";"";"R";"";"";"";"";
"R11";"4k7";"R-EU_R0805";"R0805";"RESISTOR, European symbol";"";"";"";"";"";"";"";"";"";"";"";"";"";"";"";"";"";"";"";"";"";"";"";"";"";"86";"";"";"";"";"";"R";"";"";"";"";
"R12";"120";"R-EU_R0805";"R0805";"RESISTOR, European symbol";"";"";"";"";"";"";"";"";"";"";"";"";"";"";"";"";"";"";"";"";"";"";"";"";"";"86";"";"";"";"";"";"R";"";"";"";"";
"R13";"10";"R-EU_R0805";"R0805";"RESISTOR, European symbol";"";"";"";"";"";"";"";"";"";"";"";"";"";"";"";"";"";"";"";"";"";"";"";"";"";"86";"";"";"";"";"";"R";"";"";"";"";
"R14";"10";"R-EU_R0805";"R0805";"RESISTOR, European symbol";"";"";"";"";"";"";"";"";"";"";"";"";"";"";"";"";"";"";"";"";"";"";"";"";"";"86";"";"";"";"";"";"R";"";"";"";"";
"R15";"10";"R-EU_R0805";"R0805";"RESISTOR, European symbol";"";"";"";"";"";"";"";"";"";"";"";"";"";"";"";"";"";"";"";"";"";"";"";"";"";"86";"";"";"";"";"";"R";"";"";"";"";
"R16";"10k";"R-EU_R0805";"R0805";"RESISTOR, European symbol";"";"";"";"";"";"";"";"";"";"";"";"";"";"";"";"";"";"";"";"";"";"";"";"";"";"86";"";"";"";"";"";"R";"";"";"";"";
"R18";"10k";"R-EU_R0805";"R0805";"RESISTOR, European symbol";"";"";"";"";"";"";"";"";"";"";"";"";"";"";"";"";"";"";"";"";"";"";"";"";"";"86";"";"";"";"";"";"R";"";"";"";"";
"R19";"10k";"R-EU_R0805";"R0805";"RESISTOR, European symbol";"";"";"";"";"";"";"";"";"";"";"";"";"";"";"";"";"";"";"";"";"";"";"";"";"";"86";"";"";"";"";"";"R";"";"";"";"";
"R20";"10k";"R-EU_R0805";"R0805";"RESISTOR, European symbol";"";"";"";"";"";"";"";"";"";"";"";"";"";"";"";"";"";"";"";"";"";"";"";"";"";"86";"";"";"";"";"";"R";"";"";"";"";
"R21";"4k7";"R-EU_R0805";"R0805";"RESISTOR, European symbol";"";"";"";"";"";"";"";"";"";"";"";"";"";"";"";"";"";"";"";"";"";"";"";"";"";"86";"";"";"";"";"";"R";"";"";"";"";
"R22";"4k7";"R-EU_R0805";"R0805";"RESISTOR, European symbol";"";"";"";"";"";"";"";"";"";"";"";"";"";"";"";"";"";"";"";"";"";"";"";"";"";"86";"";"";"";"";"";"R";"";"";"";"";
"R23";"1k";"R-EU_R0805";"R0805";"RESISTOR, European symbol";"";"";"";"";"";"";"";"";"";"";"";"";"";"";"";"";"";"";"";"";"";"";"";"";"";"86";"";"";"";"";"";"R";"";"";"";"";
"R24";"1k";"R-EU_R0805";"R0805";"RESISTOR, European symbol";"";"";"";"";"";"";"";"";"";"";"";"";"";"";"";"";"";"";"";"";"";"";"";"";"";"86";"";"";"";"";"";"R";"";"";"";"";
"R25";"1k";"R-EU_R0805";"R0805";"RESISTOR, European symbol";"";"";"";"";"";"";"";"";"";"";"";"";"";"";"";"";"";"";"";"";"";"";"";"";"";"86";"";"";"";"";"";"R";"";"";"";"";
"R26";"100k";"R-EU_R0805";"R0805";"RESISTOR, European symbol";"";"";"";"";"";"";"";"";"";"";"";"";"";"";"";"";"";"";"";"";"";"";"";"";"";"86";"";"";"";"";"";"R";"";"";"";"";
"R27";"10k";"R-EU_R0805";"R0805";"RESISTOR, European symbol";"";"";"";"";"";"";"";"";"";"";"";"";"";"";"";"";"";"";"";"";"";"";"";"";"";"86";"";"";"";"";"";"R";"";"";"";"";
"R28";"330";"R-EU_R0805";"R0805";"RESISTOR, European symbol";"";"";"";"";"";"";"";"";"";"";"";"";"";"";"";"";"";"";"";"";"";"";"";"";"";"86";"";"";"";"";"";"R";"";"";"";"";
"R29";"10k";"R-EU_R0805";"R0805";"RESISTOR, European symbol";"";"";"";"";"";"";"";"";"";"";"";"";"";"";"";"";"";"";"";"";"";"";"";"";"";"86";"";"";"";"";"";"R";"";"";"";"";
"R30";"330";"R-EU_R0805";"R0805";"RESISTOR, European symbol";"";"";"";"";"";"";"";"";"";"";"";"";"";"";"";"";"";"";"";"";"";"";"";"";"";"86";"";"";"";"";"";"R";"";"";"";"";
"R31";"10";"R-EU_R0805";"R0805";"RESISTOR, European symbol";"";"";"";"";"";"";"";"";"";"";"";"";"";"";"";"";"";"";"";"";"";"";"";"";"";"86";"";"";"";"";"";"R";"";"";"";"";
"R32";"10k";"R-EU_R0805";"R0805";"RESISTOR, European symbol";"";"";"";"";"";"";"";"";"";"";"";"";"";"";"";"";"";"";"";"";"";"";"";"";"";"86";"";"";"";"";"";"R";"";"";"";"";
"R33";"4k7";"R-EU_R0805";"R0805";"RESISTOR, European symbol";"";"";"";"";"";"";"";"";"";"";"";"";"";"";"";"";"";"";"";"";"";"";"";"";"";"86";"";"";"";"";"";"R";"";"";"";"";
"R34";"500k";"R-TRIMM3296W";"RTRIM3296W";"Trimm resistor";"";"";"";"";"";"";"";"";"";"";"";"";"";"";"";"";"";"";"";"";"";"";"";"";"";"3";"";"";"";"";"X";"";"POT";"";"";"";
"R35";"1k";"R-EU_R0805";"R0805";"RESISTOR, European symbol";"";"";"";"";"";"";"";"";"";"";"";"";"";"";"";"";"";"";"";"";"";"";"";"";"";"86";"";"";"";"";"";"R";"";"";"";"";
"R36";"10k";"R-EU_R0805";"R0805";"RESISTOR, European symbol";"";"";"";"";"";"";"";"";"";"";"";"";"";"";"";"";"";"";"";"";"";"";"";"";"";"86";"";"";"";"";"";"R";"";"";"";"";
"R37";"4k7";"R-EU_R0805";"R0805";"RESISTOR, European symbol";"";"";"";"";"";"";"";"";"";"";"";"";"";"";"";"";"";"";"";"";"";"";"";"";"";"86";"";"";"";"";"";"R";"";"";"";"";
"R38";"1k";"R-EU_R0805";"R0805";"RESISTOR, European symbol";"";"";"";"";"";"";"";"";"";"";"";"";"";"";"";"";"";"";"";"";"";"";"";"";"";"86";"";"";"";"";"";"R";"";"";"";"";
"R39";"1M";"R-EU_R0805";"R0805";"RESISTOR, European symbol";"";"";"";"";"";"";"";"";"";"";"";"";"";"";"";"";"";"";"";"";"";"";"";"";"";"86";"";"";"";"";"";"R";"";"";"";"";
"R40";"1k";"R-EU_R0805";"R0805";"RESISTOR, European symbol";"";"";"";"";"";"";"";"";"";"";"";"";"";"";"";"";"";"";"";"";"";"";"";"";"";"86";"";"";"";"";"";"R";"";"";"";"";
"R41";"200k";"R-TRIMM3296W";"RTRIM3296W";"Trimm resistor";"";"";"";"";"";"";"";"";"";"";"";"";"";"";"";"";"";"";"";"";"";"";"";"";"";"3";"";"";"";"";"X";"";"POT";"";"";"";
"R42";"DNP";"R-EU_R0805";"R0805";"RESISTOR, European symbol";"";"";"";"";"";"";"";"";"";"";"";"";"";"";"";"";"";"";"";"";"";"";"";"";"";"86";"";"";"";"";"";"R";"";"";"";"";
"R43";"10k";"R-EU_R0805";"R0805";"RESISTOR, European symbol";"";"";"";"";"";"";"";"";"";"";"";"";"";"";"";"";"";"";"";"";"";"";"";"";"";"86";"";"";"";"";"";"R";"";"";"";"";
"R44";"330";"R-EU_R0805";"R0805";"RESISTOR, European symbol";"";"";"";"";"";"";"";"";"";"";"";"";"";"";"";"";"";"";"";"";"";"";"";"";"";"86";"";"";"";"";"";"R";"";"";"";"";
"R45";"10k";"R-EU_R0805";"R0805";"RESISTOR, European symbol";"";"";"";"";"";"";"";"";"";"";"";"";"";"";"";"";"";"";"";"";"";"";"";"";"";"86";"";"";"";"";"";"R";"";"";"";"";
"R46";"330";"R-EU_R0805";"R0805";"RESISTOR, European symbol";"";"";"";"";"";"";"";"";"";"";"";"";"";"";"";"";"";"";"";"";"";"";"";"";"";"86";"";"";"";"";"";"R";"";"";"";"";
"R47";"10";"R-EU_R0805";"R0805";"RESISTOR, European symbol";"";"";"";"";"";"";"";"";"";"";"";"";"";"";"";"";"";"";"";"";"";"";"";"";"";"86";"";"";"";"";"";"R";"";"";"";"";
"R48";"10k";"R-EU_R0805";"R0805";"RESISTOR, European symbol";"";"";"";"";"";"";"";"";"";"";"";"";"";"";"";"";"";"";"";"";"";"";"";"";"";"86";"";"";"";"";"";"R";"";"";"";"";
"R49";"4k7";"R-EU_R0805";"R0805";"RESISTOR, European symbol";"";"";"";"";"";"";"";"";"";"";"";"";"";"";"";"";"";"";"";"";"";"";"";"";"";"86";"";"";"";"";"";"R";"";"";"";"";
"R50";"500k";"R-TRIMM3296W";"RTRIM3296W";"Trimm resistor";"";"";"";"";"";"";"";"";"";"";"";"";"";"";"";"";"";"";"";"";"";"";"";"";"";"3";"";"";"";"";"X";"";"POT";"";"";"";
"R51";"DNP";"R-EU_R0805";"R0805";"RESISTOR, European symbol";"";"";"";"";"";"";"";"";"";"";"";"";"";"";"";"";"";"";"";"";"";"";"";"";"";"86";"";"";"";"";"";"R";"";"";"";"";
"R52";"DNP";"R-EU_R0805";"R0805";"RESISTOR, European symbol";"";"";"";"";"";"";"";"";"";"";"";"";"";"";"";"";"";"";"";"";"";"";"";"";"";"86";"";"";"";"";"";"R";"";"";"";"";
"R53";"10";"R-EU_R0805";"R0805";"RESISTOR, European symbol";"";"";"";"";"";"";"";"";"";"";"";"";"";"";"";"";"";"";"";"";"";"";"";"";"";"86";"";"";"";"";"";"R";"";"";"";"";
"R54";"100k";"R-EU_R0805";"R0805";"RESISTOR, European symbol";"";"";"";"";"";"";"";"";"";"";"";"";"";"";"";"";"";"";"";"";"";"";"";"";"";"86";"";"";"";"";"";"R";"";"";"";"";
"R55";"100k";"R-EU_R0805";"R0805";"RESISTOR, European symbol";"";"";"";"";"";"";"";"";"";"";"";"";"";"";"";"";"";"";"";"";"";"";"";"";"";"86";"";"";"";"";"";"R";"";"";"";"";
"R56";"100k";"R-EU_R0805";"R0805";"RESISTOR, European symbol";"";"";"";"";"";"";"";"";"";"";"";"";"";"";"";"";"";"";"";"";"";"";"";"";"";"86";"";"";"";"";"";"R";"";"";"";"";
"R57";"1k";"R-EU_R0805";"R0805";"RESISTOR, European symbol";"";"";"";"";"";"";"";"";"";"";"";"";"";"";"";"";"";"";"";"";"";"";"";"";"";"86";"";"";"";"";"";"R";"";"";"";"";
"R58";"10k";"R-EU_R0805";"R0805";"RESISTOR, European symbol";"";"";"";"";"";"";"";"";"";"";"";"";"";"";"";"";"";"";"";"";"";"";"";"";"";"86";"";"";"";"";"";"R";"";"";"";"";
"R59";"4k7";"R-EU_R0805";"R0805";"RESISTOR, European symbol";"";"";"";"";"";"";"";"";"";"";"";"";"";"";"";"";"";"";"";"";"";"";"";"";"";"86";"";"";"";"";"";"R";"";"";"";"";
"R60";"DNP";"R-EU_R0805";"R0805";"RESISTOR, European symbol";"";"";"";"";"";"";"";"";"";"";"";"";"";"";"";"";"";"";"";"";"";"";"";"";"";"86";"";"";"";"";"";"R";"";"";"";"";
"R61";"1k";"R-EU_R0805";"R0805";"RESISTOR, European symbol";"";"";"";"";"";"";"";"";"";"";"";"";"";"";"";"";"";"";"";"";"";"";"";"";"";"86";"";"";"";"";"";"R";"";"";"";"";
"R62";"1M";"R-EU_R0805";"R0805";"RESISTOR, European symbol";"";"";"";"";"";"";"";"";"";"";"";"";"";"";"";"";"";"";"";"";"";"";"";"";"";"86";"";"";"";"";"";"R";"";"";"";"";
"R63";"1k";"R-EU_R0805";"R0805";"RESISTOR, European symbol";"";"";"";"";"";"";"";"";"";"";"";"";"";"";"";"";"";"";"";"";"";"";"";"";"";"86";"";"";"";"";"";"R";"";"";"";"";
"R64";"200k";"R-TRIMM3296W";"RTRIM3296W";"Trimm resistor";"";"";"";"";"";"";"";"";"";"";"";"";"";"";"";"";"";"";"";"";"";"";"";"";"";"3";"";"";"";"";"X";"";"POT";"";"";"";
"R65";"10k";"R-EU_R0805";"R0805";"RESISTOR, European symbol";"";"";"";"";"";"";"";"";"";"";"";"";"";"";"";"";"";"";"";"";"";"";"";"";"";"86";"";"";"";"";"";"R";"";"";"";"";
"R66";"0R1";"R-EU_R1206";"R1206";"RESISTOR, European symbol";"";"";"";"";"";"";"";"";"";"";"";"";"";"";"";"";"";"";"";"";"";"";"";"";"";"41";"";"";"";"";"";"R";"";"";"";"";
"R67";"0R1";"R-EU_R1206";"R1206";"RESISTOR, European symbol";"";"";"";"";"";"";"";"";"";"";"";"";"";"";"";"";"";"";"";"";"";"";"";"";"";"41";"";"";"";"";"";"R";"";"";"";"";
"R68";"1k";"R-EU_R0805";"R0805";"RESISTOR, European symbol";"";"";"";"";"";"";"";"";"";"";"";"";"";"";"";"";"";"";"";"";"";"";"";"";"";"86";"";"";"";"";"";"R";"";"";"";"";
"R69";"10k";"R-EU_R0805";"R0805";"RESISTOR, European symbol";"";"";"";"";"";"";"";"";"";"";"";"";"";"";"";"";"";"";"";"";"";"";"";"";"";"86";"";"";"";"";"";"R";"";"";"";"";
"R70";"4k7";"R-EU_R0805";"R0805";"RESISTOR, European symbol";"";"";"";"";"";"";"";"";"";"";"";"";"";"";"";"";"";"";"";"";"";"";"";"";"";"86";"";"";"";"";"";"R";"";"";"";"";
"R71";"1k";"R-EU_R0805";"R0805";"RESISTOR, European symbol";"";"";"";"";"";"";"";"";"";"";"";"";"";"";"";"";"";"";"";"";"";"";"";"";"";"86";"";"";"";"";"";"R";"";"";"";"";
"R72";"1M";"R-EU_R0805";"R0805";"RESISTOR, European symbol";"";"";"";"";"";"";"";"";"";"";"";"";"";"";"";"";"";"";"";"";"";"";"";"";"";"86";"";"";"";"";"";"R";"";"";"";"";
"R73";"1k";"R-EU_R0805";"R0805";"RESISTOR, European symbol";"";"";"";"";"";"";"";"";"";"";"";"";"";"";"";"";"";"";"";"";"";"";"";"";"";"86";"";"";"";"";"";"R";"";"";"";"";
"R74";"200k";"R-TRIMM3296W";"RTRIM3296W";"Trimm resistor";"";"";"";"";"";"";"";"";"";"";"";"";"";"";"";"";"";"";"";"";"";"";"";"";"";"3";"";"";"";"";"X";"";"POT";"";"";"";
"R75";"DNP";"R-EU_R0805";"R0805";"RESISTOR, European symbol";"";"";"";"";"";"";"";"";"";"";"";"";"";"";"";"";"";"";"";"";"";"";"";"";"";"86";"";"";"";"";"";"R";"";"";"";"";
"R76";"10k";"R-EU_R0805";"R0805";"RESISTOR, European symbol";"";"";"";"";"";"";"";"";"";"";"";"";"";"";"";"";"";"";"";"";"";"";"";"";"";"86";"";"";"";"";"";"R";"";"";"";"";
"R77";"0R1";"R-EU_R1206";"R1206";"RESISTOR, European symbol";"";"";"";"";"";"";"";"";"";"";"";"";"";"";"";"";"";"";"";"";"";"";"";"";"";"41";"";"";"";"";"";"R";"";"";"";"";
"R78";"10k";"R-EU_R0805";"R0805";"RESISTOR, European symbol";"";"";"";"";"";"";"";"";"";"";"";"";"";"";"";"";"";"";"";"";"";"";"";"";"";"86";"";"";"";"";"";"R";"";"";"";"";
"R79";"10k";"R-EU_R0805";"R0805";"RESISTOR, European symbol";"";"";"";"";"";"";"";"";"";"";"";"";"";"";"";"";"";"";"";"";"";"";"";"";"";"86";"";"";"";"";"";"R";"";"";"";"";
"R80";"DNP";"R-EU_R0805";"R0805";"RESISTOR, European symbol";"";"";"";"";"";"";"";"";"";"";"";"";"";"";"";"";"";"";"";"";"";"";"";"";"";"86";"";"";"";"";"";"R";"";"";"";"";
"R81";"500";"R-TRIMM3296W";"RTRIM3296W";"Trimm resistor";"";"";"";"";"";"";"";"";"";"";"";"";"";"";"";"";"";"";"";"";"";"";"";"";"";"3";"";"";"";"";"X";"";"POT";"";"";"";
"R82";"100k";"R-EU_R0805";"R0805";"RESISTOR, European symbol";"";"";"";"";"";"";"";"";"";"";"";"";"";"";"";"";"";"";"";"";"";"";"";"";"";"86";"";"";"";"";"";"R";"";"";"";"";
"R83";"100";"R-EU_R0805";"R0805";"RESISTOR, European symbol";"";"";"";"";"";"";"";"";"";"";"";"";"";"";"";"";"";"";"";"";"";"";"";"";"";"86";"";"";"";"";"";"R";"";"";"";"";
"R84";"15k";"R-EU_R0805";"R0805";"RESISTOR, European symbol";"";"";"";"";"";"";"";"";"";"";"";"";"";"";"";"";"";"";"";"";"";"";"";"";"";"86";"";"";"";"";"";"R";"";"";"";"";
"R85";"DNP";"R-EU_R0805";"R0805";"RESISTOR, European symbol";"";"";"";"";"";"";"";"";"";"";"";"";"";"";"";"";"";"";"";"";"";"";"";"";"";"86";"";"";"";"";"";"R";"";"";"";"";
"R86";"DNP";"R-EU_R0805";"R0805";"RESISTOR, European symbol";"";"";"";"";"";"";"";"";"";"";"";"";"";"";"";"";"";"";"";"";"";"";"";"";"";"86";"";"";"";"";"";"R";"";"";"";"";
"R87";"10";"R-EU_R0805";"R0805";"RESISTOR, European symbol";"";"";"";"";"";"";"";"";"";"";"";"";"";"";"";"";"";"";"";"";"";"";"";"";"";"86";"";"";"";"";"";"R";"";"";"";"";
"R88";"100k";"R-TRIMM3296W";"RTRIM3296W";"Trimm resistor";"";"";"";"";"";"";"";"";"";"";"";"";"";"";"";"";"";"";"";"";"";"";"";"";"";"3";"";"";"";"";"X";"";"POT";"";"";"";
"R89";"3k";"R-EU_R0805";"R0805";"RESISTOR, European symbol";"";"";"";"";"";"";"";"";"";"";"";"";"";"";"";"";"";"";"";"";"";"";"";"";"";"86";"";"";"";"";"";"R";"";"";"";"";
"R90";"1k";"R-EU_R0805";"R0805";"RESISTOR, European symbol";"";"";"";"";"";"";"";"";"";"";"";"";"";"";"";"";"";"";"";"";"";"";"";"";"";"86";"";"";"";"";"";"R";"";"";"";"";
"R91";"18k";"R-EU_R0805";"R0805";"RESISTOR, European symbol";"";"";"";"";"";"";"";"";"";"";"";"";"";"";"";"";"";"";"";"";"";"";"";"";"";"86";"";"";"";"";"";"R";"";"";"";"";
"R92";"330";"R-EU_R0805";"R0805";"RESISTOR, European symbol";"";"";"";"";"";"";"";"";"";"";"";"";"";"";"";"";"";"";"";"";"";"";"";"";"";"86";"";"";"";"";"";"R";"";"";"";"";
"R93";"330";"R-EU_R0805";"R0805";"RESISTOR, European symbol";"";"";"";"";"";"";"";"";"";"";"";"";"";"";"";"";"";"";"";"";"";"";"";"";"";"86";"";"";"";"";"";"R";"";"";"";"";
"R94";"330";"R-EU_R0805";"R0805";"RESISTOR, European symbol";"";"";"";"";"";"";"";"";"";"";"";"";"";"";"";"";"";"";"";"";"";"";"";"";"";"86";"";"";"";"";"";"R";"";"";"";"";
"R95";"1k";"R-EU_R0805";"R0805";"RESISTOR, European symbol";"";"";"";"";"";"";"";"";"";"";"";"";"";"";"";"";"";"";"";"";"";"";"";"";"";"86";"";"";"";"";"";"R";"";"";"";"";
"R96";"1k";"R-EU_R0805";"R0805";"RESISTOR, European symbol";"";"";"";"";"";"";"";"";"";"";"";"";"";"";"";"";"";"";"";"";"";"";"";"";"";"86";"";"";"";"";"";"R";"";"";"";"";
"R97";"1k";"R-EU_R0805";"R0805";"RESISTOR, European symbol";"";"";"";"";"";"";"";"";"";"";"";"";"";"";"";"";"";"";"";"";"";"";"";"";"";"86";"";"";"";"";"";"R";"";"";"";"";
"R98";"330";"R-EU_R0805";"R0805";"RESISTOR, European symbol";"";"";"";"";"";"";"";"";"";"";"";"";"";"";"";"";"";"";"";"";"";"";"";"";"";"86";"";"";"";"";"";"R";"";"";"";"";
"R99";"10";"R-EU_R0805";"R0805";"RESISTOR, European symbol";"";"";"";"";"";"";"";"";"";"";"";"";"";"";"";"";"";"";"";"";"";"";"";"";"";"86";"";"";"";"";"";"R";"";"";"";"";
"R100";"100k";"R-EU_R0805";"R0805";"RESISTOR, European symbol";"";"";"";"";"";"";"";"";"";"";"";"";"";"";"";"";"";"";"";"";"";"";"";"";"";"86";"";"";"";"";"";"R";"";"";"";"";
"R101";"330";"R-EU_R0805";"R0805";"RESISTOR, European symbol";"";"";"";"";"";"";"";"";"";"";"";"";"";"";"";"";"";"";"";"";"";"";"";"";"";"86";"";"";"";"";"";"R";"";"";"";"";
"R102";"4k7";"R-EU_R0805";"R0805";"RESISTOR, European symbol";"";"";"";"";"";"";"";"";"";"";"";"";"";"";"";"";"";"";"";"";"";"";"";"";"";"86";"";"";"";"";"";"R";"";"";"";"";
"R103";"120";"R-EU_R0805";"R0805";"RESISTOR, European symbol";"";"";"";"";"";"";"";"";"";"";"";"";"";"";"";"";"";"";"";"";"";"";"";"";"";"86";"";"";"";"";"";"R";"";"";"";"";
"R104";"DNP";"R-EU_R0805";"R0805";"RESISTOR, European symbol";"";"";"";"";"";"";"";"";"";"";"";"";"";"";"";"";"";"";"";"";"";"";"";"";"";"86";"";"";"";"";"";"R";"";"";"";"";
"R105";"1k";"R-TRIMM3296W";"RTRIM3296W";"Trimm resistor";"";"";"";"";"";"";"";"";"";"";"";"";"";"";"";"";"";"";"";"";"";"";"";"";"";"3";"";"";"";"";"X";"";"POT";"";"";"";
"R106";"10";"R-EU_R0805";"R0805";"RESISTOR, European symbol";"";"";"";"";"";"";"";"";"";"";"";"";"";"";"";"";"";"";"";"";"";"";"";"";"";"86";"";"";"";"";"";"R";"";"";"";"";
"SV1";"";"ML14E";"ML14";"HARTING";"";"";"";"";"";"";"";"";"";"";"";"";"";"";"";"";"";"";"";"unknown";"unknown";"";"";"";"";"0";"";"";"";"";"";"";"";"";"";"";
"SV3";"";"MA05-2";"MA05-2";"PIN HEADER";"";"";"";"";"";"";"";"";"";"";"";"";"";"";"";"";"";"";"";"unknown";"unknown";"";"";"";"";"14";"";"";"";"";"";"";"";"";"";"";
"SV4";"";"MA10-2";"MA10-2";"PIN HEADER";"";"";"";"";"";"";"";"";"";"";"";"";"";"";"";"";"";"";"";"unknown";"unknown";"";"";"";"";"3";"";"";"";"";"";"";"";"";"";"";
"SV5";"";"MA06-2";"MA06-2";"PIN HEADER";"";"";"";"";"";"";"";"";"";"";"";"";"";"";"";"";"";"";"";"unknown";"unknown";"";"";"";"";"8";"";"";"";"";"";"";"";"";"";"";
"SW1";"1825910-6";"1825910-6";"1825910-6";"SWITCH TACTILE SPST-NO 0.05A 24V";" PCBLayout.com";"";"";"450-1650-ND";"";"";"";"";"";"TE Connectivity ALCOSWITCH Switches";"";"";"";"";"";"";"";"";"1825910-6";"";"";"";"";"";"";"";"";"";"";"";"";"";"";"";"";"";
"T1";"BC847";"BC847";"SOT23";"NPN TRANSISTOR";"";"";"";"";"";"";"";"";"";"";"";"";"";"";"";"";"";"";"";"";"";"";"";"";"";"5";"";"";"";"";"";"";"";"";"";"";
"T2";"BC847";"BC847";"SOT23";"NPN TRANSISTOR";"";"";"";"";"";"";"";"";"";"";"";"";"";"";"";"";"";"";"";"";"";"";"";"";"";"5";"";"";"";"";"";"";"";"";"";"";
"T3";"BC847";"BC847";"SOT23";"NPN TRANSISTOR";"";"";"";"";"";"";"";"";"";"";"";"";"";"";"";"";"";"";"";"";"";"";"";"";"";"5";"";"";"";"";"";"";"";"";"";"";
"T4";"BC847";"BC847";"SOT23";"NPN TRANSISTOR";"";"";"";"";"";"";"";"";"";"";"";"";"";"";"";"";"";"";"";"";"";"";"";"";"";"5";"";"";"";"";"";"";"";"";"";"";
"T5";"MJD128T4G";"MJD32";"DPAK";"Complementary Power Transistors";"";"";"";"";"";"";"";"";"";"";"";"";"";"";"";"";"";"";"";"";"";"";"";"";"";"0";"";"";"";"";"";"";"";"";"";"";
"T6";"MJD128T4G";"MJD32";"DPAK";"Complementary Power Transistors";"";"";"";"";"";"";"";"";"";"";"";"";"";"";"";"";"";"";"";"";"";"";"";"";"";"0";"";"";"";"";"";"";"";"";"";"";
"T7";"MJD200G";"MJD31";"DPAK";"Complementary Power Transistors";"";"";"";"";"";"";"";"";"";"";"";"";"";"";"";"";"";"";"";"";"";"";"";"";"";"0";"";"";"";"";"";"";"";"";"";"";
"T8";"MJD200G";"MJD31";"DPAK";"Complementary Power Transistors";"";"";"";"";"";"";"";"";"";"";"";"";"";"";"";"";"";"";"";"";"";"";"";"";"";"0";"";"";"";"";"";"";"";"";"";"";
"T9";"MJD200G";"MJD31";"DPAK";"Complementary Power Transistors";"";"";"";"";"";"";"";"";"";"";"";"";"";"";"";"";"";"";"";"";"";"";"";"";"";"0";"";"";"";"";"";"";"";"";"";"";
"U$1";"A4988BREAKOUT";"A4988BREAKOUT";"A4988BREAKOUT";"";"";"";"";"";"";"";"";"";"";"";"";"";"";"";"";"";"";"";"";"";"";"";"";"";"";"";"";"";"";"";"";"";"";"";"";"";
"U$2";"LM2577";"LM2577";"TO263-5";"";"";"";"";"";"";"";"";"";"";"";"";"";"";"";"";"";"";"";"";"";"";"";"";"";"";"";"";"";"";"";"";"";"";"";"";"";
"U$4";"A4988BREAKOUT";"A4988BREAKOUT";"A4988BREAKOUT";"";"";"";"";"";"";"";"";"";"";"";"";"";"";"";"";"";"";"";"";"";"";"";"";"";"";"";"";"";"";"";"";"";"";"";"";"";
"U$6";"A4988BREAKOUT";"A4988BREAKOUT";"A4988BREAKOUT";"";"";"";"";"";"";"";"";"";"";"";"";"";"";"";"";"";"";"";"";"";"";"";"";"";"";"";"";"";"";"";"";"";"";"";"";"";
"U$7";"A4988BREAKOUT";"A4988BREAKOUT";"A4988BREAKOUT";"";"";"";"";"";"";"";"";"";"";"";"";"";"";"";"";"";"";"";"";"";"";"";"";"";"";"";"";"";"";"";"";"";"";"";"";"";
"U$8";"A4988BREAKOUT";"A4988BREAKOUT";"A4988BREAKOUT";"";"";"";"";"";"";"";"";"";"";"";"";"";"";"";"";"";"";"";"";"";"";"";"";"";"";"";"";"";"";"";"";"";"";"";"";"";
"U2";"ATMEGA2560-16AU";"ATMEGA2560-16AU";"TQFP-100";"IC MCU 8BIT 256KB FLASH 100TQFP";"PCBLayout.com";"";"";"ATMEGA2560-16AU-ND";"";"";"";"";"";"Microchip Technology";"";"";"";"";"";"";"";"";"ATMEGA2560-16AU";"";"";"TQFP-100";"";"";"";"";"";"";"";"";"";"";"";"";"";"";
"U4";"TXB0108PWR";"TXB0108PWR";"TSSOP20";"8-Bit Bi-Directional Level Shifter";"";"";"";"";"";"";"";"";"";"";"";"";"";"";"";"";"";"";"";"";"";"";"";"";"";"";"";"";"";"";"";"";"";"";"";"";
"X+";"";"MA03-1";"MA03-1";"PIN HEADER";"";"";"";"";"";"";"";"";"";"";"";"";"";"";"";"";"";"";"";"unknown";"unknown";"";"";"";"";"48";"";"";"";"";"";"";"";"";"";"";
"X-";"";"MA03-1";"MA03-1";"PIN HEADER";"";"";"";"";"";"";"";"";"";"";"";"";"";"";"";"";"";"";"";"unknown";"unknown";"";"";"";"";"48";"";"";"";"";"";"";"";"";"";"";
"X-MOT";"";"MA04-1";"MA04-1";"PIN HEADER";"";"";"";"";"";"";"";"";"";"";"";"";"";"";"";"";"";"";"";"unknown";"unknown";"";"";"";"";"41";"";"";"";"";"";"";"";"";"";"";
"X1";"MCV2";"MCV2";"MCV2";"Mini-Combicon 3.81mm vertikal 2polig";"";"";"";"";"";"";"";"";"";"";"";"";"";"";"";"";"";"";"";"";"";"";"";"";"";"";"";"";"";"";"";"";"";"";"";"";
"X2";"MCV2";"MCV2";"MCV2";"Mini-Combicon 3.81mm vertikal 2polig";"";"";"";"";"";"";"";"";"";"";"";"";"";"";"";"";"";"";"";"";"";"";"";"";"";"";"";"";"";"";"";"";"";"";"";"";
"X4";"";"MCV5";"MCV5";"Mini-Combicon 3.81mm vertikal 5polig";"";"";"";"";"";"";"";"";"";"";"";"";"";"";"";"";"";"";"";"";"";"";"";"";"";"";"";"";"";"";"";"";"";"";"";"";
"X5";"";"MCV7";"MCV7";"Mini-Combicon 3.81mm vertikal 7polig";"";"";"";"";"";"";"";"";"";"";"";"";"";"";"";"";"";"";"";"";"";"";"";"";"";"";"";"";"";"";"";"";"";"";"";"";
"X6";"MCV2";"MCV2";"MCV2";"Mini-Combicon 3.81mm vertikal 2polig";"";"";"";"";"";"";"";"";"";"";"";"";"";"";"";"";"";"";"";"";"";"";"";"";"";"";"";"";"";"";"";"";"";"";"";"";
"X7";"MCV2";"MCV2";"MCV2";"Mini-Combicon 3.81mm vertikal 2polig";"";"";"";"";"";"";"";"";"";"";"";"";"";"";"";"";"";"";"";"";"";"";"";"";"";"";"";"";"";"";"";"";"";"";"";"";
"X8";"MC6";"MC6";"MC6";"Mini-Combicon 3.81mm horizontal 6-polig";"";"";"";"";"";"";"";"";"";"";"";"";"";"";"";"";"";"";"";"";"";"";"";"";"";"";"";"";"";"";"";"";"";"";"";"";
"X9";"PN87520-S";"PN87520-S";"PN87520-S";"";"";"";"";"";"";"";"";"";"";"";"";"";"";"";"";"";"";"";"";"unknown";"unknown";"";"";"";"";"3";"";"";"";"";"";"";"";"";"";"";
"X10";"";"MCV4";"MCV4";"Mini-Combicon 3.81mm vertikal 4polig";"";"";"";"";"";"";"";"";"";"";"";"";"";"";"";"";"";"";"";"";"";"";"";"";"";"";"";"";"";"";"";"";"";"";"";"";
"X11";"MCV2";"MCV2";"MCV2";"Mini-Combicon 3.81mm vertikal 2polig";"";"";"";"";"";"";"";"";"";"";"";"";"";"";"";"";"";"";"";"";"";"";"";"";"";"";"";"";"";"";"";"";"";"";"";"";
"Y+";"";"MA03-1";"MA03-1";"PIN HEADER";"";"";"";"";"";"";"";"";"";"";"";"";"";"";"";"";"";"";"";"unknown";"unknown";"";"";"";"";"48";"";"";"";"";"";"";"";"";"";"";
"Y-";"";"MA03-1";"MA03-1";"PIN HEADER";"";"";"";"";"";"";"";"";"";"";"";"";"";"";"";"";"";"";"";"unknown";"unknown";"";"";"";"";"48";"";"";"";"";"";"";"";"";"";"";
"Y-MOT";"";"MA04-1";"MA04-1";"PIN HEADER";"";"";"";"";"";"";"";"";"";"";"";"";"";"";"";"";"";"";"";"unknown";"unknown";"";"";"";"";"41";"";"";"";"";"";"";"";"";"";"";
"Z+";"";"MA03-1";"MA03-1";"PIN HEADER";"";"";"";"";"";"";"";"";"";"";"";"";"";"";"";"";"";"";"";"unknown";"unknown";"";"";"";"";"48";"";"";"";"";"";"";"";"";"";"";
"Z-MOT1";"";"MA04-1";"MA04-1";"PIN HEADER";"";"";"";"";"";"";"";"";"";"";"";"";"";"";"";"";"";"";"";"unknown";"unknown";"";"";"";"";"41";"";"";"";"";"";"";"";"";"";"";
"Z-MOT2";"";"MA04-1";"MA04-1";"PIN HEADER";"";"";"";"";"";"";"";"";"";"";"";"";"";"";"";"";"";"";"";"unknown";"unknown";"";"";"";"";"41";"";"";"";"";"";"";"";"";"";"";
"Z-STOP1";"";"MA03-1";"MA03-1";"PIN HEADER";"";"";"";"";"";"";"";"";"";"";"";"";"";"";"";"";"";"";"";"unknown";"unknown";"";"";"";"";"48";"";"";"";"";"";"";"";"";"";"";
"Z-STOP2";"";"MA03-1";"MA03-1";"PIN HEADER";"";"";"";"";"";"";"";"";"";"";"";"";"";"";"";"";"";"";"";"unknown";"unknown";"";"";"";"";"48";"";"";"";"";"";"";"";"";"";"";
