Ref,Val,Package,PosX,PosY,Rot,Side
"C1","10u","PANASONIC_B_334",166.211100,-67.053600,180.000000,top
"C2","100u","PANASONIC_D_334",213.836100,-124.203600,90.000000,top
"C3","100u","PANASONIC_D_334",172.878600,-169.897600,90.000000,top
"C4","100n","C0805_334",142.398600,-111.821100,180.000000,top
"C5","10u","PANASONIC_B_334",166.211100,-62.608600,180.000000,top
"C6","100u","PANASONIC_D_334",164.941100,-75.943600,0.000000,top
"C7","10u","PANASONIC_B_334",109.061100,-63.243600,180.000000,top
"C8","10u","PANASONIC_B_334",115.411100,-105.153600,90.000000,top
"C9","100n","C0805_334",209.391100,-125.473600,-90.000000,top
"C10","10u","PANASONIC_B_334",162.401100,-51.813600,0.000000,top
"C11","100n","C0805",150.971100,-166.113600,90.000000,top
"C12","100n","C0805",148.431100,-166.113600,90.000000,top
"C13","100n","C0805",156.051100,-166.113600,90.000000,top
"C14","100n","C0805",153.511100,-166.113600,90.000000,top
"C15","100u","PANASONIC_D_334",89.985100,-41.653600,0.000000,top
"C16","100n","C0805",158.591100,-166.113600,90.000000,top
"C17","100n","C0805_334",146.526100,-132.141100,0.000000,top
"C18","100n","C0805_334",158.591100,-111.186100,90.000000,top
"C19","100n","C0805_334",139.223600,-112.456100,90.000000,top
"C20","22p","C0805_334",164.306100,-131.823600,180.000000,top
"C21","22p","C0805_334",164.306100,-136.903600,180.000000,top
"C22","100p","C0805_334",147.796100,-135.316100,90.000000,top
"C23","100n","C0805_334",214.153600,-136.903600,0.000000,top
"C24","100n","C0805_334",212.883600,-129.283600,0.000000,top
"C25","100n","C0805_334",84.296100,-63.243600,0.000000,top
"C26","100n","C0805_334",89.693600,-72.768600,-90.000000,top
"C27","10u","PANASONIC_B_334",78.581100,-63.243600,180.000000,top
"C28","680p","C0805_334",183.038600,-140.713600,90.000000,top
"C29","100n","C0805_334",193.833600,-136.903600,0.000000,top
"C30","22n","C0805_334",192.563600,-129.283600,0.000000,top
"C31","100n","C0805_334",99.536100,-63.243600,0.000000,top
"C32","100n","C0805_334",104.933600,-72.768600,-90.000000,top
"C33","680p","C0805_334",203.358600,-141.031100,90.000000,top
"C34","10u","PANASONIC_B_334",93.821100,-63.243600,180.000000,top
"C35","100n","C0805_334",114.776100,-63.243600,0.000000,top
"C36","100n","C0805_334",120.173600,-72.768600,-90.000000,top
"C37","100u","PANASONIC_D_334",206.851100,-100.073600,-90.000000,top
"C38","100u","PANASONIC_D_334",206.851100,-61.021100,-90.000000,top
"C39","100u","PANASONIC_D_334",206.851100,-69.593600,90.000000,top
"C40","470u","E5-10,5_334",79.851100,-105.788600,180.000000,top
"C41","100n","C0805",203.358600,-94.358600,90.000000,top
"C42","100n","C0805",200.183600,-70.228600,-90.000000,top
"C43","100n","C0805",202.088600,-70.228600,-90.000000,top
"C44","100n","C0805",138.271100,-166.113600,90.000000,top
"C45","100n","C0805",142.081100,-166.113600,90.000000,top
"C46","22n","C0805_334",101.441100,-98.803600,-90.000000,top
"C47","100n","C0805_334",114.141100,-100.073600,0.000000,top
"C48","100p","C0805_334",107.791100,-89.913600,0.000000,top
"C49","100n","C0805_334",115.411100,-110.233600,90.000000,top
"C50","1n","C1812_334",76.676100,-91.183600,90.000000,top
"C51","10u","PANASONIC_B_334",115.411100,-84.833600,-90.000000,top
"C52","330n","C1812_334",82.391100,-98.168600,180.000000,top
"C53","100n","C0805_334",111.601100,-84.833600,90.000000,top
"C54","100u","PANASONIC_D_334",195.421100,-113.408600,-90.000000,top
"C55","100n","C0805_334",190.976100,-125.473600,-90.000000,top
"C56","100n","C0805",164.941100,-81.023600,180.000000,top
"C57","470u","E5-10,5_334",181.451100,-102.613600,-90.000000,top
"C58","470u","E5-10,5_334",170.656100,-102.613600,-90.000000,top
"C59","47n","C0805",171.291100,-90.548600,180.000000,top
"C60","100n","C0805_334",208.121100,-90.866100,-90.000000,top
"C61","100n","C0805_334",205.581100,-90.866100,-90.000000,top
"C62","100n","C0805",124.301100,-145.476100,0.000000,top
"C63","100u","PANASONIC_D_334",83.661100,-168.653600,90.000000,top
"C64","100u","PANASONIC_D_334",83.661100,-147.698600,90.000000,top
"C65","100u","PANASONIC_D_334",83.661100,-126.743600,90.000000,top
"C66","100u","PANASONIC_D_334",106.521100,-154.683600,-90.000000,top
"C67","100u","PANASONIC_D_334",106.521100,-133.728600,-90.000000,top
"C68","100n","C0805",144.938600,-157.223600,90.000000,top
"D1","SS54-HF ","DO214AC_210",213.836100,-53.718600,0.000000,top
"D2","SS54-HF ","DO214AC_210",181.451100,-92.453600,90.000000,top
"D4","RGF1G","DO214AC_210",139.541100,-51.178600,180.000000,top
"D6","RGF1G","DO214AC_210",167.798600,-164.843600,0.000000,top
"D7","1N4148WS","SOD-323_11396254",185.578600,-139.443600,-90.000000,top
"D8","SML4757A","SMB_210",207.168600,-167.383600,0.000000,top
"D9","SML4757A","SMB_210",185.578600,-167.383600,0.000000,top
"D10","SS54-HF ","DO214AC_210",199.646362,-164.941363,90.000000,top
"D12","RGF1G","DO214AC_210",219.551100,-163.573600,90.000000,top
"D13","RGF1G","DO214AC_210",213.836100,-167.383600,180.000000,top
"D14","RGF1G","DO214AC_210",193.198600,-167.383600,180.000000,top
"D15","RGF1G","DO214AC_210",177.958600,-164.843600,0.000000,top
"D16","1N4148WS","SOD-323_11396254",205.898600,-139.443600,-90.000000,top
"FAN1","","JP1_252",204.946100,-106.423600,-90.000000,top
"I2C_1","","MA04-1_162",157.638600,-148.333600,0.000000,top
"I2C_2","","MA04-1_162",157.638600,-145.158600,0.000000,top
"I2C_3","","MA04-1_162",157.638600,-141.983600,0.000000,top
"IC1","555","SO08_527",192.563600,-133.093600,-90.000000,top
"IC2","74HC4053D","SO16_85",123.031100,-155.318600,-90.000000,top
"IC3","LM358MX","SO08_262",83.661100,-68.323600,180.000000,top
"IC4","555","SO08_527",212.883600,-133.093600,-90.000000,top
"IC5","LM358MX","SO08_262",98.901100,-68.323600,180.000000,top
"IC6","LM358MX","SO08_262",114.141100,-68.323600,180.000000,top
"IC7","74HC4053D","SO16_85",139.541100,-150.873600,180.000000,top
"IC8","SE555DRG4","SO08_527",106.521100,-94.993600,180.000000,top
"IC9","AS7805ADTR","DPAC_NEU",106.521100,-107.693600,90.000000,top
"IC10","MIC4420M","SO-08_400",106.521100,-84.833600,90.000000,top
"IC11","LM1117MPX","SOT223_409",204.311100,-122.933600,0.000000,top
"IC12","LM1117MPX","SOT223_409",185.896100,-122.933600,0.000000,top
"ISP1","AVRISP-6","AVRISP_420",127.158600,-111.821100,90.000000,top
"J2","NID65-5","NID655_vf.3RdA3WFPSLuZuSoN_zHyJA",197.961100,-102.613600,90.000000,top
"J3","","618009211821_16444967",164.941100,-39.113600,180.000000,top
"J4","KPJX-4S-S","KYCON_KPJX-4S-S",213.836100,-48.003600,180.000000,top
"J5","PJ-082BH","PJ082BH_vf.QJzKeZqrQ1Gobk2092XC6w",189.071100,-48.003600,-90.000000,top
"J6","RASPBERRYPI-40-PIN-GPIO_PTH","2X20_SHROUDED_513",217.011100,-88.008600,180.000000,top
"JP1","","2X03_325",110.331100,-163.573600,90.000000,top
"JP2","","2X03_325",79.851100,-159.763600,-90.000000,top
"JP3","","JP4Q_252",127.158600,-101.026100,0.000000,top
"JP4","","2X03_325",79.851100,-138.808600,-90.000000,top
"JP5","","2X03_325",79.851100,-117.853600,-90.000000,top
"JP6","","2X03_325",110.331100,-142.618600,90.000000,top
"L1","100uh","WE-CHSA_1212_14076700",92.551100,-103.883600,90.000000,top
"L2","220uh","WE-CHSA_1212_14076700",176.371100,-77.848600,-90.000000,top
"Q1","IRFR3410TRPBF","DPAK",175.101100,-55.623600,0.000000,top
"Q2","IRFR3410TRPBF","DPAK",139.541100,-59.433600,0.000000,top
"Q3","IRFR3410TRPBF","DPAK",128.111100,-59.433600,0.000000,top
"Q4","16MHz","QS_367",159.226100,-134.363600,90.000000,top
"Q5","IPD60R180P7SAUMA1 ","DPAK",92.551100,-89.913600,180.000000,top
"Q6","IRFR3410TRPBF","DPAK",207.168600,-152.143600,180.000000,top
"Q7","IRFR3410TRPBF","DPAK",177.958600,-152.143600,180.000000,top
"Q8","IRFR3410TRPBF","DPAK",186.848600,-152.143600,180.000000,top
"Q9","IRFR3410TRPBF","DPAK",167.798600,-152.143600,180.000000,top
"R1","4k7","R0805_334",164.306100,-58.163600,90.000000,top
"R2","100k","R0805_334",144.621100,-66.736100,0.000000,top
"R3","1m","R0805_334",164.306100,-134.363600,0.000000,top
"R4","100k","R0805_334",129.698600,-66.736100,0.000000,top
"R5","100k","R0805_334",78.581100,-145.158600,-90.000000,top
"R6","100k","R0805_334",78.581100,-166.113600,90.000000,top
"R7","4k7","R0805_334",167.481100,-50.543600,0.000000,top
"R8","100k","R0805_334",78.581100,-124.203600,-90.000000,top
"R9","100k","R0805_334",176.688600,-64.513600,0.000000,top
"R10","100k","R0805_334",111.601100,-136.268600,90.000000,top
"R11","4k7","R0805_334",166.846100,-58.163600,90.000000,top
"R12","120","R0805_334",184.626100,-129.283600,0.000000,top
"R13","10","R0805_334",172.561100,-64.513600,180.000000,top
"R14","10","R0805_334",138.588600,-66.736100,180.000000,top
"R15","10","R0805_334",125.888600,-67.688600,90.000000,top
"R16","10k","R0805_334",79.851100,-154.683600,180.000000,top
"R18","10k","R0805_334",79.851100,-133.728600,180.000000,top
"R19","10k","R0805_334",79.851100,-112.773600,180.000000,top
"R20","10k","R0805_334",110.331100,-147.698600,0.000000,top
"R21","4k7","R0805_334",161.448600,-152.143600,-90.000000,top
"R22","4k7","R0805_334",158.908600,-152.143600,-90.000000,top
"R23","1k","R0805_334",127.793600,-82.611100,180.000000,top
"R24","1k","R0805_334",127.793600,-80.071100,180.000000,top
"R25","1k","R0805_334",143.033600,-77.531100,0.000000,top
"R26","100k","R0805_334",111.601100,-157.223600,90.000000,top
"R27","10k","R0805_334",110.331100,-168.653600,0.000000,top
"R28","330","R0805_334",203.358600,-136.903600,90.000000,top
"R29","10k","R0805_334",207.803600,-132.458600,90.000000,top
"R30","330","R0805_334",210.343600,-138.173600,-90.000000,top
"R31","10","R0805_334",209.708600,-143.253600,-90.000000,top
"R32","10k","R0805_334",217.646100,-144.523600,0.000000,top
"R33","4k7","R0805_334",213.518600,-144.523600,180.000000,top
"R34","500k","RTRIM3296W",219.233600,-138.173600,0.000000,top
"R35","1k","R0805_334",88.741100,-63.243600,180.000000,top
"R36","10k","R0805_334",77.628600,-71.498600,-90.000000,top
"R37","4k7","R0805_334",78.581100,-67.053600,0.000000,top
"R38","1k","R0805_334",89.693600,-77.213600,-90.000000,top
"R39","1M","R0805_334",89.693600,-67.371100,-90.000000,top
"R40","1k","R0805_334",102.711100,-72.768600,90.000000,top
"R41","200k","RTRIM3296W",82.391100,-77.213600,-90.000000,top
"R42","DNP","R0805_334",83.661100,-73.403600,0.000000,top
"R43","10k","R0805_334",87.471100,-67.371100,-90.000000,top
"R44","330","R0805_334",183.038600,-136.586100,90.000000,top
"R45","10k","R0805_334",187.483600,-132.458600,-90.000000,top
"R46","330","R0805_334",190.658600,-138.173600,-90.000000,top
"R47","10","R0805_334",189.388600,-143.253600,-90.000000,top
"R48","10k","R0805_334",197.326100,-144.523600,0.000000,top
"R49","4k7","R0805_334",193.198600,-144.523600,180.000000,top
"R50","500k","RTRIM3296W",198.913600,-138.173600,0.000000,top
"R51","DNP","R0805_334",217.646100,-131.188600,90.000000,top
"R52","DNP","R0805_334",197.643600,-131.125100,90.000000,top
"R53","10","R0805_334",180.498600,-143.253600,-90.000000,top
"R54","100k","R0805_334",176.688600,-144.523600,0.000000,top
"R55","100k","R0805_334",185.578600,-143.571100,-90.000000,top
"R56","100k","R0805_334",205.898600,-143.571100,-90.000000,top
"R57","1k","R0805_334",103.981100,-63.243600,180.000000,top
"R58","10k","R0805_334",92.868600,-71.498600,-90.000000,top
"R59","4k7","R0805_334",93.821100,-67.053600,0.000000,top
"R60","DNP","R0805_334",98.901100,-73.403600,0.000000,top
"R61","1k","R0805_334",104.933600,-77.213600,-90.000000,top
"R62","1M","R0805_334",104.933600,-67.371100,-90.000000,top
"R63","1k","R0805_334",87.471100,-72.768600,90.000000,top
"R64","200k","RTRIM3296W",97.631100,-77.213600,-90.000000,top
"R65","10k","R0805_334",102.711100,-67.371100,-90.000000,top
"R66","0R1","R1206_334",106.521100,-56.893600,90.000000,top
"R67","0R1","R1206_334",91.281100,-56.893600,90.000000,top
"R68","1k","R0805_334",119.221100,-63.243600,180.000000,top
"R69","10k","R0805_334",108.108600,-71.498600,-90.000000,top
"R70","4k7","R0805_334",109.061100,-67.053600,0.000000,top
"R71","1k","R0805_334",120.173600,-77.213600,-90.000000,top
"R72","1M","R0805_334",120.173600,-67.371100,-90.000000,top
"R73","1k","R0805_334",117.951100,-72.768600,90.000000,top
"R74","200k","RTRIM3296W",112.871100,-77.213600,-90.000000,top
"R75","DNP","R0805_334",114.141100,-73.403600,0.000000,top
"R76","10k","R0805_334",117.951100,-67.371100,-90.000000,top
"R77","0R1","R1206_334",121.761100,-56.893600,90.000000,top
"R78","10k","R0805_334",123.666100,-129.601100,180.000000,top
"R79","10k","R0805_334",167.481100,-54.353600,180.000000,top
"R80","DNP","R0805_334",199.231100,-125.473600,90.000000,top
"R81","500","RTRIM3296W",195.421100,-122.933600,0.000000,top
"R82","100k","R0805_334",145.573600,-135.316100,90.000000,top
"R83","100","R0805_334",98.583600,-40.383600,0.000000,top
"R84","15k","R0805_334",105.251100,-100.073600,180.000000,top
"R85","DNP","R0805_334",110.331100,-96.263600,90.000000,top
"R86","DNP","R0805_334",109.378600,-100.073600,180.000000,top
"R87","10","R0805_334",98.901100,-84.833600,180.000000,top
"R88","100k","RTRIM3296W",114.141100,-93.723600,180.000000,top
"R89","3k","R0805_334",171.291100,-93.088600,180.000000,top
"R90","1k","R0805_334",164.941100,-95.628600,90.000000,top
"R91","18k","R0805_334",167.481100,-95.628600,-90.000000,top
"R92","330","R0805_334",143.033600,-80.071100,0.000000,top
"R93","330","R0805_334",143.033600,-82.611100,0.000000,top
"R94","330","R0805_334",143.033600,-85.151100,0.000000,top
"R95","1k","R0805_334",127.793600,-92.771100,180.000000,top
"R96","1k","R0805_334",127.793600,-95.311100,180.000000,top
"R97","1k","R0805_334",127.793600,-90.231100,180.000000,top
"R98","330","R0805_334",127.793600,-87.691100,180.000000,top
"R99","10","R0805_334",170.338600,-143.253600,-90.000000,top
"R100","100k","R0805_334",166.528600,-144.523600,0.000000,top
"R101","330","R0805_334",143.033600,-87.691100,0.000000,top
"R102","4k7","R0805_334",117.951100,-95.628600,-90.000000,top
"R103","120","R0805_334",215.741100,-118.488600,180.000000,top
"R104","DNP","R0805_334",221.456100,-131.188600,90.000000,top
"R105","1k","RTRIM3296W",220.186100,-123.568600,0.000000,top
"R106","10","R0805_334",98.901100,-86.738600,180.000000,top
"SV1","","ML14_149",135.096100,-85.151100,90.000000,top
"SV3","","MA05-2_162",183.673600,-58.798600,-90.000000,top
"SV4","","MA10-2_162",170.973600,-124.203600,90.000000,top
"SV5","","MA06-2_162",144.621100,-104.201100,0.000000,top
"SW1","1825910-6","1825910-6_11396471",140.176100,-134.681100,180.000000,top
"T1","BC847","SOT23_402",205.898600,-135.633600,0.000000,top
"T2","BC847","SOT23_402",214.153600,-140.713600,180.000000,top
"T3","BC847","SOT23_402",185.578600,-135.633600,0.000000,top
"T4","BC847","SOT23_402",193.833600,-140.713600,180.000000,top
"T5","MJD128T4G","DPAK_402",216.058600,-152.143600,0.000000,top
"T6","MJD128T4G","DPAK_402",195.738600,-152.143600,0.000000,top
"T7","MJD200G","DPAK_397",98.901100,-56.893600,90.000000,top
"T8","MJD200G","DPAK_397",83.661100,-56.893600,90.000000,top
"T9","MJD200G","DPAK_397",114.141100,-56.893600,90.000000,top
"U$1","A4988BREAKOUT","A4988BREAKOUT",102.711100,-167.383600,90.000000,top
"U$2","LM2577","TO263-5_vf.TWSuzNS0T6GYMvBVZfwx8g",161.131100,-88.643600,90.000000,top
"U$4","A4988BREAKOUT","A4988BREAKOUT",87.471100,-155.953600,-90.000000,top
"U$6","A4988BREAKOUT","A4988BREAKOUT",87.471100,-134.998600,-90.000000,top
"U$7","A4988BREAKOUT","A4988BREAKOUT",87.471100,-114.043600,-90.000000,top
"U$8","A4988BREAKOUT","A4988BREAKOUT",102.711100,-146.428600,90.000000,top
"U2","ATMEGA2560-16AU","TQFP-100_30049718",150.971100,-120.393600,0.000000,top
"U4","TXB0108PWR","TSSOP20_420",206.851100,-84.833600,90.000000,top
"X8","MC6","MC6",165.258600,-41.018600,180.000000,top
"X9","PN87520-S","PN87520-S_130",141.446100,-44.193600,180.000000,top
"X11","MCV2","MCV2_vf.d_1rUHK0Shi_65Gy64O6ZQ",83.026100,-91.183600,90.000000,top
"Z-MOT2","","MA04-1",98.901100,-159.763600,90.000000,top
"Z-STOP2","","MA03-1",140.811100,-159.763600,-90.000000,top
